{
  "status": "success",
  "msg": "Successfully query the detailed data.",
  "data": {
    "type": "geojson",
    "data": {
      "type": "Feature",
      "properties": {
        "DLMC": "水田",
        "QSDWMC": "北门村",
        "NYDTBMJ": 8524.05,
        "DLLB": "耕地",
        "CenterX": 121.452174977,
        "CenterY": 29.991132930399999,
        "Cd_Level": 1.0,
        "Hg_Level": 2.0,
        "As_Level": 1.0,
        "Cr_Level": 1.0,
        "Cu_Level": 1.0,
        "Zn_Level": 1.0,
        "Ni_Level": 1.0,
        "BAP_Level": 1.0,
        "ZH5_Level": 2.0,
        "ZH3_Level": 1.0,
        "ZH8_Level": 2.0,
        "ZH9_Level": 2.0,
        "Pb_Level": 1.0,
        "GDBM": "330205285245219113",
        "LBBM": "330205000741Ⅱ",
        "ZH5TEMP": "Ⅱ",
        "NZWLX": "非农用地",
        "SFFNY": "否",
        "BZ": "主要种植梨树",
        "COUNTY": "慈城镇",
        "DLWZ": "经度（121.45162980736973-121.4528007129826），纬度（29.99064807005243-29.991612741335018）",
        "MBWRW": "汞"
      },
      "geometry": {
        "type": "Polygon",
        "coordinates": [ [ [ 121.452800712982594, 29.99139016092721 ], [ 121.452627556616562, 29.99064807005243 ], [ 121.451641968901754, 29.990836575147853 ], [ 121.451635286938995, 29.991007083909835 ], [ 121.45163047196877, 29.99133791301432 ], [ 121.451629807369727, 29.991612741335018 ], [ 121.452781721998917, 29.991393974052698 ], [ 121.452800712982594, 29.99139016092721 ] ] ]
      }
    }
  }
}